timestamp, xKp, xKr, xTh1, xTh2, xTh3, xTh4, yKp, yKr, yTh1, yTh2, yTh3, yTh4, thKp, thKr, thTh1, thTh2, thTh3, thTh4
2022-02-17 13:46:29.539, 0, 0, 0, 0, 0, 0, 0, 0, 0, 0, 0, 0, 0, 0, 0, 0, 0, 0
2022-02-17 13:46:29.718, 54.87, 54.14, 113.71, 0.06, 0.33, -0.34, 108.17, 111.29, 111.16, 0.74, 0.65, 0.35, 680.43, 719.87, 301.45, 9.10, 6.51, -21.13
2022-02-17 13:46:32.635, 54.87, 54.14, 113.71, 0.06, 0.33, -0.34, 108.17, 111.29, 111.16, 0.74, 0.65, 0.35, 680.43, 719.87, 301.45, 9.10, 6.51, -21.13
2022-02-17 13:46:32.694, 54.87, 54.14, 113.71, 0.06, 0.33, -0.34, 108.17, 111.29, 111.16, 0.74, 0.65, 0.35, 680.43, 719.87, 301.45, 9.10, 6.51, -21.13
2022-02-17 13:46:35.632, 54.87, 54.14, 113.71, 0.06, 0.33, -0.34, 108.17, 111.29, 111.16, 0.74, 0.65, 0.35, 680.43, 719.87, 301.45, 9.10, 6.51, -21.13
2022-02-17 13:46:35.852, 54.87, 54.14, 113.71, 0.06, 0.33, -0.34, 108.17, 111.29, 111.16, 0.74, 0.65, 0.35, 680.43, 719.87, 301.45, 9.10, 6.51, -21.13
2022-02-17 13:46:38.634, 54.87, 54.14, 113.71, 0.06, 0.33, -0.34, 108.17, 111.29, 111.16, 0.74, 0.65, 0.35, 680.43, 719.87, 301.45, 9.10, 6.51, -21.13
2022-02-17 13:46:38.716, 54.87, 54.14, 113.71, 0.06, 0.33, -0.34, 108.17, 111.29, 111.16, 0.74, 0.65, 0.35, 680.43, 719.87, 301.45, 9.10, 6.51, -21.13
2022-02-17 13:46:41.639, 54.87, 54.14, 113.71, 0.06, 0.33, -0.34, 108.17, 111.29, 111.16, 0.74, 0.65, 0.35, 680.43, 719.87, 301.45, 9.10, 6.51, -21.13
2022-02-17 13:46:41.864, 54.87, 54.14, 113.71, 0.06, 0.33, -0.34, 108.17, 111.29, 111.16, 0.74, 0.65, 0.35, 680.43, 719.87, 301.45, 9.10, 6.51, -21.13
2022-02-17 13:46:44.641, 54.87, 54.14, 113.71, 0.06, 0.33, -0.34, 108.17, 111.29, 111.16, 0.74, 0.65, 0.35, 680.43, 719.87, 301.45, 9.10, 6.51, -21.13
2022-02-17 13:46:44.699, 54.87, 54.14, 113.71, 0.06, 0.33, -0.34, 108.17, 111.29, 111.16, 0.74, 0.65, 0.35, 680.43, 719.87, 301.45, 9.10, 6.51, -21.13
2022-02-17 13:46:47.637, 54.87, 54.14, 113.71, 0.06, 0.33, -0.34, 108.17, 111.29, 111.16, 0.74, 0.65, 0.35, 680.43, 719.87, 301.45, 9.10, 6.51, -21.13
2022-02-17 13:46:47.855, 54.87, 54.14, 113.71, 0.06, 0.33, -0.34, 108.17, 111.29, 111.16, 0.74, 0.65, 0.35, 680.43, 719.87, 301.45, 9.10, 6.51, -21.13
2022-02-17 13:46:50.635, 54.87, 54.14, 113.71, 0.06, 0.33, -0.34, 108.17, 111.29, 111.16, 0.74, 0.65, 0.35, 680.43, 719.87, 301.45, 9.10, 6.51, -21.13
2022-02-17 13:46:50.734, 54.87, 54.14, 113.71, 0.06, 0.33, -0.34, 108.17, 111.29, 111.16, 0.74, 0.65, 0.35, 680.43, 719.87, 301.45, 9.10, 6.51, -21.13
2022-02-17 13:46:53.633, 54.87, 54.14, 113.71, 0.06, 0.33, -0.34, 108.17, 111.29, 111.16, 0.74, 0.65, 0.35, 680.43, 719.87, 301.45, 9.10, 6.51, -21.13
2022-02-17 13:46:53.878, 54.87, 54.14, 113.71, 0.06, 0.33, -0.34, 108.17, 111.29, 111.16, 0.74, 0.65, 0.35, 680.43, 719.87, 301.45, 9.10, 6.51, -21.13
2022-02-17 13:46:56.636, 54.87, 54.14, 113.71, 0.06, 0.33, -0.34, 108.17, 111.29, 111.16, 0.74, 0.65, 0.35, 680.43, 719.87, 301.45, 9.10, 6.51, -21.13
2022-02-17 13:46:56.691, 54.87, 54.14, 113.71, 0.06, 0.33, -0.34, 108.17, 111.29, 111.16, 0.74, 0.65, 0.35, 680.43, 719.87, 301.45, 9.10, 6.51, -21.13
2022-02-17 13:46:59.644, 54.87, 54.14, 113.71, 0.06, 0.33, -0.34, 108.17, 111.29, 111.16, 0.74, 0.65, 0.35, 680.43, 719.87, 301.45, 9.10, 6.51, -21.13
2022-02-17 13:47:03.886, 54.87, 54.14, 113.71, 0.06, 0.33, -0.34, 108.17, 111.29, 111.16, 0.74, 0.65, 0.35, 680.43, 719.87, 301.45, 9.10, 6.51, -21.13
2022-02-17 13:47:04.031, 54.87, 54.14, 113.71, 0.06, 0.33, -0.34, 108.17, 111.29, 111.16, 0.74, 0.65, 0.35, 680.43, 719.87, 301.45, 9.10, 6.51, -21.13
2022-02-17 13:47:06.970, 54.87, 54.14, 113.71, 0.06, 0.33, -0.34, 108.17, 111.29, 111.16, 0.74, 0.65, 0.35, 680.43, 719.87, 301.45, 9.10, 6.51, -21.13
2022-02-17 13:47:07.063, 54.87, 54.14, 113.71, 0.06, 0.33, -0.34, 108.17, 111.29, 111.16, 0.74, 0.65, 0.35, 680.43, 719.87, 301.45, 9.10, 6.51, -21.13
2022-02-17 13:47:09.983, 54.87, 54.14, 113.71, 0.06, 0.33, -0.34, 108.17, 111.29, 111.16, 0.74, 0.65, 0.35, 680.43, 719.87, 301.45, 9.10, 6.51, -21.13
2022-02-17 13:47:10.050, 54.87, 54.14, 113.71, 0.06, 0.33, -0.34, 108.17, 111.29, 111.16, 0.74, 0.65, 0.35, 680.43, 719.87, 301.45, 9.10, 6.51, -21.13
2022-02-17 13:47:12.976, 54.87, 54.14, 113.71, 0.06, 0.33, -0.34, 108.17, 111.29, 111.16, 0.74, 0.65, 0.35, 680.43, 719.87, 301.45, 9.10, 6.51, -21.13
2022-02-17 13:47:13.070, 54.87, 54.14, 113.71, 0.06, 0.33, -0.34, 108.17, 111.29, 111.16, 0.74, 0.65, 0.35, 680.43, 719.87, 301.45, 9.10, 6.51, -21.13
2022-02-17 13:47:15.969, 54.87, 54.14, 113.71, 0.06, 0.33, -0.34, 108.17, 111.29, 111.16, 0.74, 0.65, 0.35, 680.43, 719.87, 301.45, 9.10, 6.51, -21.13
2022-02-17 13:47:16.041, 54.87, 54.14, 113.71, 0.06, 0.33, -0.34, 108.17, 111.29, 111.16, 0.74, 0.65, 0.35, 680.43, 719.87, 301.45, 9.10, 6.51, -21.13
2022-02-17 13:47:18.989, 54.87, 54.14, 113.71, 0.06, 0.33, -0.34, 108.17, 111.29, 111.16, 0.74, 0.65, 0.35, 680.43, 719.87, 301.45, 9.10, 6.51, -21.13
2022-02-17 13:47:19.068, 54.87, 54.14, 113.71, 0.06, 0.33, -0.34, 108.17, 111.29, 111.16, 0.74, 0.65, 0.35, 680.43, 719.87, 301.45, 9.10, 6.51, -21.13
2022-02-17 13:47:21.978, 54.87, 54.14, 113.71, 0.06, 0.33, -0.34, 108.17, 111.29, 111.16, 0.74, 0.65, 0.35, 680.43, 719.87, 301.45, 9.10, 6.51, -21.13
2022-02-17 13:47:22.040, 54.87, 54.14, 113.71, 0.06, 0.33, -0.34, 108.17, 111.29, 111.16, 0.74, 0.65, 0.35, 680.43, 719.87, 301.45, 9.10, 6.51, -21.13
2022-02-17 13:47:24.980, 54.87, 54.14, 113.71, 0.06, 0.33, -0.34, 108.17, 111.29, 111.16, 0.74, 0.65, 0.35, 680.43, 719.87, 301.45, 9.10, 6.51, -21.13
2022-02-17 13:47:25.045, 54.87, 54.14, 113.71, 0.06, 0.33, -0.34, 108.17, 111.29, 111.16, 0.74, 0.65, 0.35, 680.43, 719.87, 301.45, 9.10, 6.51, -21.13
2022-02-17 13:47:28.024, 54.87, 54.14, 113.71, 0.06, 0.33, -0.34, 108.17, 111.29, 111.16, 0.74, 0.65, 0.35, 680.43, 719.87, 301.45, 9.10, 6.51, -21.13
2022-02-17 13:47:28.097, 54.87, 54.14, 113.71, 0.06, 0.33, -0.34, 108.17, 111.29, 111.16, 0.74, 0.65, 0.35, 680.43, 719.87, 301.45, 9.10, 6.51, -21.13
2022-02-17 13:47:30.981, 54.87, 54.14, 113.71, 0.06, 0.33, -0.34, 108.17, 111.29, 111.16, 0.74, 0.65, 0.35, 680.43, 719.87, 301.45, 9.10, 6.51, -21.13
2022-02-17 13:47:31.038, 54.87, 54.14, 113.71, 0.06, 0.33, -0.34, 108.17, 111.29, 111.16, 0.74, 0.65, 0.35, 680.43, 719.87, 301.45, 9.10, 6.51, -21.13
2022-02-17 13:47:33.971, 54.87, 54.14, 113.71, 0.06, 0.33, -0.34, 108.17, 111.29, 111.16, 0.74, 0.65, 0.35, 680.43, 719.87, 301.45, 9.10, 6.51, -21.13
2022-02-17 13:47:39.033, 54.87, 54.14, 113.71, 0.06, 0.33, -0.34, 108.17, 111.29, 111.16, 0.74, 0.65, 0.35, 680.43, 719.87, 301.45, 9.10, 6.51, -21.13
2022-02-17 13:47:39.185, 54.87, 54.14, 113.71, 0.06, 0.33, -0.34, 108.17, 111.29, 111.16, 0.74, 0.65, 0.35, 680.43, 719.87, 301.45, 9.10, 6.51, -21.13
2022-02-17 13:47:42.131, 54.87, 54.14, 113.71, 0.06, 0.33, -0.34, 108.17, 111.29, 111.16, 0.74, 0.65, 0.35, 680.43, 719.87, 301.45, 9.10, 6.51, -21.13
2022-02-17 13:47:42.177, 54.87, 54.14, 113.71, 0.06, 0.33, -0.34, 108.17, 111.29, 111.16, 0.74, 0.65, 0.35, 680.43, 719.87, 301.45, 9.10, 6.51, -21.13
2022-02-17 13:47:45.139, 54.87, 54.14, 113.71, 0.06, 0.33, -0.34, 108.17, 111.29, 111.16, 0.74, 0.65, 0.35, 680.43, 719.87, 301.45, 9.10, 6.51, -21.13
2022-02-17 13:47:45.202, 54.87, 54.14, 113.71, 0.06, 0.33, -0.34, 108.17, 111.29, 111.16, 0.74, 0.65, 0.35, 680.43, 719.87, 301.45, 9.10, 6.51, -21.13
2022-02-17 13:47:48.127, 54.87, 54.14, 113.71, 0.06, 0.33, -0.34, 108.17, 111.29, 111.16, 0.74, 0.65, 0.35, 680.43, 719.87, 301.45, 9.10, 6.51, -21.13
2022-02-17 13:47:48.198, 54.87, 54.14, 113.71, 0.06, 0.33, -0.34, 108.17, 111.29, 111.16, 0.74, 0.65, 0.35, 680.43, 719.87, 301.45, 9.10, 6.51, -21.13
2022-02-17 13:47:51.124, 54.87, 54.14, 113.71, 0.06, 0.33, -0.34, 108.17, 111.29, 111.16, 0.74, 0.65, 0.35, 680.43, 719.87, 301.45, 9.10, 6.51, -21.13
2022-02-17 13:47:51.202, 54.87, 54.14, 113.71, 0.06, 0.33, -0.34, 108.17, 111.29, 111.16, 0.74, 0.65, 0.35, 680.43, 719.87, 301.45, 9.10, 6.51, -21.13
2022-02-17 13:47:54.140, 54.87, 54.14, 113.71, 0.06, 0.33, -0.34, 108.17, 111.29, 111.16, 0.74, 0.65, 0.35, 680.43, 719.87, 301.45, 9.10, 6.51, -21.13
2022-02-17 13:47:54.211, 54.87, 54.14, 113.71, 0.06, 0.33, -0.34, 108.17, 111.29, 111.16, 0.74, 0.65, 0.35, 680.43, 719.87, 301.45, 9.10, 6.51, -21.13
2022-02-17 13:47:57.133, 54.87, 54.14, 113.71, 0.06, 0.33, -0.34, 108.17, 111.29, 111.16, 0.74, 0.65, 0.35, 680.43, 719.87, 301.45, 9.10, 6.51, -21.13
2022-02-17 13:47:57.203, 54.87, 54.14, 113.71, 0.06, 0.33, -0.34, 108.17, 111.29, 111.16, 0.74, 0.65, 0.35, 680.43, 719.87, 301.45, 9.10, 6.51, -21.13
2022-02-17 13:48:00.126, 54.87, 54.14, 113.71, 0.06, 0.33, -0.34, 108.17, 111.29, 111.16, 0.74, 0.65, 0.35, 680.43, 719.87, 301.45, 9.10, 6.51, -21.13
2022-02-17 13:48:00.207, 54.87, 54.14, 113.71, 0.06, 0.33, -0.34, 108.17, 111.29, 111.16, 0.74, 0.65, 0.35, 680.43, 719.87, 301.45, 9.10, 6.51, -21.13
2022-02-17 13:48:03.179, 54.87, 54.14, 113.71, 0.06, 0.33, -0.34, 108.17, 111.29, 111.16, 0.74, 0.65, 0.35, 680.43, 719.87, 301.45, 9.10, 6.51, -21.13
2022-02-17 13:48:03.241, 54.87, 54.14, 113.71, 0.06, 0.33, -0.34, 108.17, 111.29, 111.16, 0.74, 0.65, 0.35, 680.43, 719.87, 301.45, 9.10, 6.51, -21.13
2022-02-17 13:48:06.124, 54.87, 54.14, 113.71, 0.06, 0.33, -0.34, 108.17, 111.29, 111.16, 0.74, 0.65, 0.35, 680.43, 719.87, 301.45, 9.10, 6.51, -21.13
2022-02-17 13:48:06.207, 54.87, 54.14, 113.71, 0.06, 0.33, -0.34, 108.17, 111.29, 111.16, 0.74, 0.65, 0.35, 680.43, 719.87, 301.45, 9.10, 6.51, -21.13
2022-02-17 13:48:09.135, 54.87, 54.14, 113.71, 0.06, 0.33, -0.34, 108.17, 111.29, 111.16, 0.74, 0.65, 0.35, 680.43, 719.87, 301.45, 9.10, 6.51, -21.13
2022-02-17 13:48:20.325, 54.87, 54.14, 113.71, 0.06, 0.33, -0.34, 108.17, 111.29, 111.16, 0.74, 0.65, 0.35, 680.43, 719.87, 301.45, 9.10, 6.51, -21.13
2022-02-17 13:48:20.419, 54.87, 54.14, 113.71, 0.06, 0.33, -0.34, 108.17, 111.29, 111.16, 0.74, 0.65, 0.35, 680.43, 719.87, 301.45, 9.10, 6.51, -21.13
2022-02-17 13:48:23.431, 54.87, 54.14, 113.71, 0.06, 0.33, -0.34, 108.17, 111.29, 111.16, 0.74, 0.65, 0.35, 680.43, 719.87, 301.45, 9.10, 6.51, -21.13
2022-02-17 13:48:23.521, 54.87, 54.14, 113.71, 0.06, 0.33, -0.34, 108.17, 111.29, 111.16, 0.74, 0.65, 0.35, 680.43, 719.87, 301.45, 9.10, 6.51, -21.13
2022-02-17 13:48:26.441, 54.87, 54.14, 113.71, 0.06, 0.33, -0.34, 108.17, 111.29, 111.16, 0.74, 0.65, 0.35, 680.43, 719.87, 301.45, 9.10, 6.51, -21.13
2022-02-17 13:48:26.506, 54.87, 54.14, 113.71, 0.06, 0.33, -0.34, 108.17, 111.29, 111.16, 0.74, 0.65, 0.35, 680.43, 719.87, 301.45, 9.10, 6.51, -21.13
2022-02-17 13:48:29.439, 54.87, 54.14, 113.71, 0.06, 0.33, -0.34, 108.17, 111.29, 111.16, 0.74, 0.65, 0.35, 680.43, 719.87, 301.45, 9.10, 6.51, -21.13
2022-02-17 13:48:29.523, 54.87, 54.14, 113.71, 0.06, 0.33, -0.34, 108.17, 111.29, 111.16, 0.74, 0.65, 0.35, 680.43, 719.87, 301.45, 9.10, 6.51, -21.13
2022-02-17 13:48:32.428, 54.87, 54.14, 113.71, 0.06, 0.33, -0.34, 108.17, 111.29, 111.16, 0.74, 0.65, 0.35, 680.43, 719.87, 301.45, 9.10, 6.51, -21.13
2022-02-17 13:48:32.521, 54.87, 54.14, 113.71, 0.06, 0.33, -0.34, 108.17, 111.29, 111.16, 0.74, 0.65, 0.35, 680.43, 719.87, 301.45, 9.10, 6.51, -21.13
2022-02-17 13:48:35.443, 54.87, 54.14, 113.71, 0.06, 0.33, -0.34, 108.17, 111.29, 111.16, 0.74, 0.65, 0.35, 680.43, 719.87, 301.45, 9.10, 6.51, -21.13
2022-02-17 13:48:35.512, 54.87, 54.14, 113.71, 0.06, 0.33, -0.34, 108.17, 111.29, 111.16, 0.74, 0.65, 0.35, 680.43, 719.87, 301.45, 9.10, 6.51, -21.13
2022-02-17 13:48:38.422, 54.87, 54.14, 113.71, 0.06, 0.33, -0.34, 108.17, 111.29, 111.16, 0.74, 0.65, 0.35, 680.43, 719.87, 301.45, 9.10, 6.51, -21.13
2022-02-17 13:48:38.486, 54.87, 54.14, 113.71, 0.06, 0.33, -0.34, 108.17, 111.29, 111.16, 0.74, 0.65, 0.35, 680.43, 719.87, 301.45, 9.10, 6.51, -21.13
2022-02-17 13:48:41.423, 54.87, 54.14, 113.71, 0.06, 0.33, -0.34, 108.17, 111.29, 111.16, 0.74, 0.65, 0.35, 680.43, 719.87, 301.45, 9.10, 6.51, -21.13
2022-02-17 13:48:41.509, 54.87, 54.14, 113.71, 0.06, 0.33, -0.34, 108.17, 111.29, 111.16, 0.74, 0.65, 0.35, 680.43, 719.87, 301.45, 9.10, 6.51, -21.13
2022-02-17 13:48:44.455, 54.87, 54.14, 113.71, 0.06, 0.33, -0.34, 108.17, 111.29, 111.16, 0.74, 0.65, 0.35, 680.43, 719.87, 301.45, 9.10, 6.51, -21.13
2022-02-17 13:48:44.516, 54.87, 54.14, 113.71, 0.06, 0.33, -0.34, 108.17, 111.29, 111.16, 0.74, 0.65, 0.35, 680.43, 719.87, 301.45, 9.10, 6.51, -21.13
2022-02-17 13:48:47.432, 54.87, 54.14, 113.71, 0.06, 0.33, -0.34, 108.17, 111.29, 111.16, 0.74, 0.65, 0.35, 680.43, 719.87, 301.45, 9.10, 6.51, -21.13
2022-02-17 13:48:47.513, 54.87, 54.14, 113.71, 0.06, 0.33, -0.34, 108.17, 111.29, 111.16, 0.74, 0.65, 0.35, 680.43, 719.87, 301.45, 9.10, 6.51, -21.13
2022-02-17 13:48:50.435, 54.87, 54.14, 113.71, 0.06, 0.33, -0.34, 108.17, 111.29, 111.16, 0.74, 0.65, 0.35, 680.43, 719.87, 301.45, 9.10, 6.51, -21.13
2022-02-17 13:48:57.498, 54.87, 54.14, 113.71, 0.06, 0.33, -0.34, 108.17, 111.29, 111.16, 0.74, 0.65, 0.35, 680.43, 719.87, 301.45, 9.10, 6.51, -21.13
2022-02-17 13:48:57.634, 54.87, 54.14, 113.71, 0.06, 0.33, -0.34, 108.17, 111.29, 111.16, 0.74, 0.65, 0.35, 680.43, 719.87, 301.45, 9.10, 6.51, -21.13
2022-02-17 13:49:00.590, 54.87, 54.14, 113.71, 0.06, 0.33, -0.34, 108.17, 111.29, 111.16, 0.74, 0.65, 0.35, 680.43, 719.87, 301.45, 9.10, 6.51, -21.13
2022-02-17 13:49:00.674, 54.87, 54.14, 113.71, 0.06, 0.33, -0.34, 108.17, 111.29, 111.16, 0.74, 0.65, 0.35, 680.43, 719.87, 301.45, 9.10, 6.51, -21.13
2022-02-17 13:49:03.584, 54.87, 54.14, 113.71, 0.06, 0.33, -0.34, 108.17, 111.29, 111.16, 0.74, 0.65, 0.35, 680.43, 719.87, 301.45, 9.10, 6.51, -21.13
2022-02-17 13:49:03.668, 54.87, 54.14, 113.71, 0.06, 0.33, -0.34, 108.17, 111.29, 111.16, 0.74, 0.65, 0.35, 680.43, 719.87, 301.45, 9.10, 6.51, -21.13
2022-02-17 13:49:06.587, 54.87, 54.14, 113.71, 0.06, 0.33, -0.34, 108.17, 111.29, 111.16, 0.74, 0.65, 0.35, 680.43, 719.87, 301.45, 9.10, 6.51, -21.13
2022-02-17 13:49:06.668, 54.87, 54.14, 113.71, 0.06, 0.33, -0.34, 108.17, 111.29, 111.16, 0.74, 0.65, 0.35, 680.43, 719.87, 301.45, 9.10, 6.51, -21.13
2022-02-17 13:49:09.594, 54.87, 54.14, 113.71, 0.06, 0.33, -0.34, 108.17, 111.29, 111.16, 0.74, 0.65, 0.35, 680.43, 719.87, 301.45, 9.10, 6.51, -21.13
2022-02-17 13:49:09.672, 54.87, 54.14, 113.71, 0.06, 0.33, -0.34, 108.17, 111.29, 111.16, 0.74, 0.65, 0.35, 680.43, 719.87, 301.45, 9.10, 6.51, -21.13
2022-02-17 13:49:12.583, 54.87, 54.14, 113.71, 0.06, 0.33, -0.34, 108.17, 111.29, 111.16, 0.74, 0.65, 0.35, 680.43, 719.87, 301.45, 9.10, 6.51, -21.13
2022-02-17 13:49:12.648, 54.87, 54.14, 113.71, 0.06, 0.33, -0.34, 108.17, 111.29, 111.16, 0.74, 0.65, 0.35, 680.43, 719.87, 301.45, 9.10, 6.51, -21.13
2022-02-17 13:49:15.580, 54.87, 54.14, 113.71, 0.06, 0.33, -0.34, 108.17, 111.29, 111.16, 0.74, 0.65, 0.35, 680.43, 719.87, 301.45, 9.10, 6.51, -21.13
2022-02-17 13:49:15.647, 54.87, 54.14, 113.71, 0.06, 0.33, -0.34, 108.17, 111.29, 111.16, 0.74, 0.65, 0.35, 680.43, 719.87, 301.45, 9.10, 6.51, -21.13
2022-02-17 13:49:18.587, 54.87, 54.14, 113.71, 0.06, 0.33, -0.34, 108.17, 111.29, 111.16, 0.74, 0.65, 0.35, 680.43, 719.87, 301.45, 9.10, 6.51, -21.13
2022-02-17 13:49:18.697, 54.87, 54.14, 113.71, 0.06, 0.33, -0.34, 108.17, 111.29, 111.16, 0.74, 0.65, 0.35, 680.43, 719.87, 301.45, 9.10, 6.51, -21.13
2022-02-17 13:49:21.597, 54.87, 54.14, 113.71, 0.06, 0.33, -0.34, 108.17, 111.29, 111.16, 0.74, 0.65, 0.35, 680.43, 719.87, 301.45, 9.10, 6.51, -21.13
2022-02-17 13:49:21.684, 54.87, 54.14, 113.71, 0.06, 0.33, -0.34, 108.17, 111.29, 111.16, 0.74, 0.65, 0.35, 680.43, 719.87, 301.45, 9.10, 6.51, -21.13
2022-02-17 13:49:24.589, 54.87, 54.14, 113.71, 0.06, 0.33, -0.34, 108.17, 111.29, 111.16, 0.74, 0.65, 0.35, 680.43, 719.87, 301.45, 9.10, 6.51, -21.13
2022-02-17 13:49:24.680, 54.87, 54.14, 113.71, 0.06, 0.33, -0.34, 108.17, 111.29, 111.16, 0.74, 0.65, 0.35, 680.43, 719.87, 301.45, 9.10, 6.51, -21.13
2022-02-17 13:49:27.578, 54.87, 54.14, 113.71, 0.06, 0.33, -0.34, 108.17, 111.29, 111.16, 0.74, 0.65, 0.35, 680.43, 719.87, 301.45, 9.10, 6.51, -21.13
2022-02-17 13:49:36.469, 54.87, 54.14, 113.71, 0.06, 0.33, -0.34, 108.17, 111.29, 111.16, 0.74, 0.65, 0.35, 680.43, 719.87, 301.45, 9.10, 6.51, -21.13
2022-02-17 13:49:36.647, 54.87, 54.14, 113.71, 0.06, 0.33, -0.34, 108.17, 111.29, 111.16, 0.74, 0.65, 0.35, 680.43, 719.87, 301.45, 9.10, 6.51, -21.13
2022-02-17 13:49:39.558, 54.87, 54.14, 113.71, 0.06, 0.33, -0.34, 108.17, 111.29, 111.16, 0.74, 0.65, 0.35, 680.43, 719.87, 301.45, 9.10, 6.51, -21.13
2022-02-17 13:49:39.646, 54.87, 54.14, 113.71, 0.06, 0.33, -0.34, 108.17, 111.29, 111.16, 0.74, 0.65, 0.35, 680.43, 719.87, 301.45, 9.10, 6.51, -21.13
2022-02-17 13:49:42.562, 54.87, 54.14, 113.71, 0.06, 0.33, -0.34, 108.17, 111.29, 111.16, 0.74, 0.65, 0.35, 680.43, 719.87, 301.45, 9.10, 6.51, -21.13
2022-02-17 13:49:42.609, 54.87, 54.14, 113.71, 0.06, 0.33, -0.34, 108.17, 111.29, 111.16, 0.74, 0.65, 0.35, 680.43, 719.87, 301.45, 9.10, 6.51, -21.13
2022-02-17 13:49:45.562, 54.87, 54.14, 113.71, 0.06, 0.33, -0.34, 108.17, 111.29, 111.16, 0.74, 0.65, 0.35, 680.43, 719.87, 301.45, 9.10, 6.51, -21.13
2022-02-17 13:49:45.631, 54.87, 54.14, 113.71, 0.06, 0.33, -0.34, 108.17, 111.29, 111.16, 0.74, 0.65, 0.35, 680.43, 719.87, 301.45, 9.10, 6.51, -21.13
2022-02-17 13:49:48.570, 54.87, 54.14, 113.71, 0.06, 0.33, -0.34, 108.17, 111.29, 111.16, 0.74, 0.65, 0.35, 680.43, 719.87, 301.45, 9.10, 6.51, -21.13
2022-02-17 13:49:48.698, 54.87, 54.14, 113.71, 0.06, 0.33, -0.34, 108.17, 111.29, 111.16, 0.74, 0.65, 0.35, 680.43, 719.87, 301.45, 9.10, 6.51, -21.13
2022-02-17 13:49:51.593, 54.87, 54.14, 113.71, 0.06, 0.33, -0.34, 108.17, 111.29, 111.16, 0.74, 0.65, 0.35, 680.43, 719.87, 301.45, 9.10, 6.51, -21.13
2022-02-17 13:49:51.662, 54.87, 54.14, 113.71, 0.06, 0.33, -0.34, 108.17, 111.29, 111.16, 0.74, 0.65, 0.35, 680.43, 719.87, 301.45, 9.10, 6.51, -21.13
2022-02-17 13:49:54.559, 54.87, 54.14, 113.71, 0.06, 0.33, -0.34, 108.17, 111.29, 111.16, 0.74, 0.65, 0.35, 680.43, 719.87, 301.45, 9.10, 6.51, -21.13
2022-02-17 13:49:54.641, 54.87, 54.14, 113.71, 0.06, 0.33, -0.34, 108.17, 111.29, 111.16, 0.74, 0.65, 0.35, 680.43, 719.87, 301.45, 9.10, 6.51, -21.13
2022-02-17 13:49:57.565, 54.87, 54.14, 113.71, 0.06, 0.33, -0.34, 108.17, 111.29, 111.16, 0.74, 0.65, 0.35, 680.43, 719.87, 301.45, 9.10, 6.51, -21.13
2022-02-17 13:49:57.643, 54.87, 54.14, 113.71, 0.06, 0.33, -0.34, 108.17, 111.29, 111.16, 0.74, 0.65, 0.35, 680.43, 719.87, 301.45, 9.10, 6.51, -21.13
2022-02-17 13:50:00.598, 54.87, 54.14, 113.71, 0.06, 0.33, -0.34, 108.17, 111.29, 111.16, 0.74, 0.65, 0.35, 680.43, 719.87, 301.45, 9.10, 6.51, -21.13
2022-02-17 13:50:00.655, 54.87, 54.14, 113.71, 0.06, 0.33, -0.34, 108.17, 111.29, 111.16, 0.74, 0.65, 0.35, 680.43, 719.87, 301.45, 9.10, 6.51, -21.13
2022-02-17 13:50:03.562, 54.87, 54.14, 113.71, 0.06, 0.33, -0.34, 108.17, 111.29, 111.16, 0.74, 0.65, 0.35, 680.43, 719.87, 301.45, 9.10, 6.51, -21.13
2022-02-17 13:50:03.627, 54.87, 54.14, 113.71, 0.06, 0.33, -0.34, 108.17, 111.29, 111.16, 0.74, 0.65, 0.35, 680.43, 719.87, 301.45, 9.10, 6.51, -21.13
2022-02-17 13:50:06.563, 54.87, 54.14, 113.71, 0.06, 0.33, -0.34, 108.17, 111.29, 111.16, 0.74, 0.65, 0.35, 680.43, 719.87, 301.45, 9.10, 6.51, -21.13
2022-02-17 13:50:19.925, 54.87, 54.14, 113.71, 0.06, 0.33, -0.34, 108.17, 111.29, 111.16, 0.74, 0.65, 0.35, 680.43, 719.87, 301.45, 9.10, 6.51, -21.13
2022-02-17 13:50:20.146, 54.87, 54.14, 113.71, 0.06, 0.33, -0.34, 108.17, 111.29, 111.16, 0.74, 0.65, 0.35, 680.43, 719.87, 301.45, 9.10, 6.51, -21.13
2022-02-17 13:50:23.102, 54.87, 54.14, 113.71, 0.06, 0.33, -0.34, 108.17, 111.29, 111.16, 0.74, 0.65, 0.35, 680.43, 719.87, 301.45, 9.10, 6.51, -21.13
2022-02-17 13:50:23.172, 54.87, 54.14, 113.71, 0.06, 0.33, -0.34, 108.17, 111.29, 111.16, 0.74, 0.65, 0.35, 680.43, 719.87, 301.45, 9.10, 6.51, -21.13
2022-02-17 13:50:26.104, 54.87, 54.14, 113.71, 0.06, 0.33, -0.34, 108.17, 111.29, 111.16, 0.74, 0.65, 0.35, 680.43, 719.87, 301.45, 9.10, 6.51, -21.13
2022-02-17 13:50:26.203, 54.87, 54.14, 113.71, 0.06, 0.33, -0.34, 108.17, 111.29, 111.16, 0.74, 0.65, 0.35, 680.43, 719.87, 301.45, 9.10, 6.51, -21.13
2022-02-17 13:50:29.095, 54.87, 54.14, 113.71, 0.06, 0.33, -0.34, 108.17, 111.29, 111.16, 0.74, 0.65, 0.35, 680.43, 719.87, 301.45, 9.10, 6.51, -21.13
2022-02-17 13:50:29.158, 54.87, 54.14, 113.71, 0.06, 0.33, -0.34, 108.17, 111.29, 111.16, 0.74, 0.65, 0.35, 680.43, 719.87, 301.45, 9.10, 6.51, -21.13
2022-02-17 13:50:32.085, 54.87, 54.14, 113.71, 0.06, 0.33, -0.34, 108.17, 111.29, 111.16, 0.74, 0.65, 0.35, 680.43, 719.87, 301.45, 9.10, 6.51, -21.13
2022-02-17 13:50:32.175, 54.87, 54.14, 113.71, 0.06, 0.33, -0.34, 108.17, 111.29, 111.16, 0.74, 0.65, 0.35, 680.43, 719.87, 301.45, 9.10, 6.51, -21.13
2022-02-17 13:50:35.094, 54.87, 54.14, 113.71, 0.06, 0.33, -0.34, 108.17, 111.29, 111.16, 0.74, 0.65, 0.35, 680.43, 719.87, 301.45, 9.10, 6.51, -21.13
2022-02-17 13:50:35.169, 54.87, 54.14, 113.71, 0.06, 0.33, -0.34, 108.17, 111.29, 111.16, 0.74, 0.65, 0.35, 680.43, 719.87, 301.45, 9.10, 6.51, -21.13
2022-02-17 13:50:38.091, 54.87, 54.14, 113.71, 0.06, 0.33, -0.34, 108.17, 111.29, 111.16, 0.74, 0.65, 0.35, 680.43, 719.87, 301.45, 9.10, 6.51, -21.13
2022-02-17 13:50:38.182, 54.87, 54.14, 113.71, 0.06, 0.33, -0.34, 108.17, 111.29, 111.16, 0.74, 0.65, 0.35, 680.43, 719.87, 301.45, 9.10, 6.51, -21.13
2022-02-17 13:50:41.088, 54.87, 54.14, 113.71, 0.06, 0.33, -0.34, 108.17, 111.29, 111.16, 0.74, 0.65, 0.35, 680.43, 719.87, 301.45, 9.10, 6.51, -21.13
2022-02-17 13:50:41.168, 54.87, 54.14, 113.71, 0.06, 0.33, -0.34, 108.17, 111.29, 111.16, 0.74, 0.65, 0.35, 680.43, 719.87, 301.45, 9.10, 6.51, -21.13
2022-02-17 13:50:44.115, 54.87, 54.14, 113.71, 0.06, 0.33, -0.34, 108.17, 111.29, 111.16, 0.74, 0.65, 0.35, 680.43, 719.87, 301.45, 9.10, 6.51, -21.13
2022-02-17 13:50:44.201, 54.87, 54.14, 113.71, 0.06, 0.33, -0.34, 108.17, 111.29, 111.16, 0.74, 0.65, 0.35, 680.43, 719.87, 301.45, 9.10, 6.51, -21.13
2022-02-17 13:50:47.106, 54.87, 54.14, 113.71, 0.06, 0.33, -0.34, 108.17, 111.29, 111.16, 0.74, 0.65, 0.35, 680.43, 719.87, 301.45, 9.10, 6.51, -21.13
2022-02-17 13:50:47.167, 54.87, 54.14, 113.71, 0.06, 0.33, -0.34, 108.17, 111.29, 111.16, 0.74, 0.65, 0.35, 680.43, 719.87, 301.45, 9.10, 6.51, -21.13
2022-02-17 13:50:50.101, 54.87, 54.14, 113.71, 0.06, 0.33, -0.34, 108.17, 111.29, 111.16, 0.74, 0.65, 0.35, 680.43, 719.87, 301.45, 9.10, 6.51, -21.13
2022-02-17 13:50:58.868, 54.87, 54.14, 113.71, 0.06, 0.33, -0.34, 108.17, 111.29, 111.16, 0.74, 0.65, 0.35, 680.43, 719.87, 301.45, 9.10, 6.51, -21.13
2022-02-17 13:50:59.101, 54.87, 54.14, 113.71, 0.06, 0.33, -0.34, 108.17, 111.29, 111.16, 0.74, 0.65, 0.35, 680.43, 719.87, 301.45, 9.10, 6.51, -21.13
2022-02-17 13:51:01.991, 54.87, 54.14, 113.71, 0.06, 0.33, -0.34, 108.17, 111.29, 111.16, 0.74, 0.65, 0.35, 680.43, 719.87, 301.45, 9.10, 6.51, -21.13
2022-02-17 13:51:02.059, 54.87, 54.14, 113.71, 0.06, 0.33, -0.34, 108.17, 111.29, 111.16, 0.74, 0.65, 0.35, 680.43, 719.87, 301.45, 9.10, 6.51, -21.13
2022-02-17 13:51:05.005, 54.87, 54.14, 113.71, 0.06, 0.33, -0.34, 108.17, 111.29, 111.16, 0.74, 0.65, 0.35, 680.43, 719.87, 301.45, 9.10, 6.51, -21.13
2022-02-17 13:51:05.070, 54.87, 54.14, 113.71, 0.06, 0.33, -0.34, 108.17, 111.29, 111.16, 0.74, 0.65, 0.35, 680.43, 719.87, 301.45, 9.10, 6.51, -21.13
2022-02-17 13:51:08.005, 54.87, 54.14, 113.71, 0.06, 0.33, -0.34, 108.17, 111.29, 111.16, 0.74, 0.65, 0.35, 680.43, 719.87, 301.45, 9.10, 6.51, -21.13
2022-02-17 13:51:08.082, 54.87, 54.14, 113.71, 0.06, 0.33, -0.34, 108.17, 111.29, 111.16, 0.74, 0.65, 0.35, 680.43, 719.87, 301.45, 9.10, 6.51, -21.13
2022-02-17 13:51:10.997, 54.87, 54.14, 113.71, 0.06, 0.33, -0.34, 108.17, 111.29, 111.16, 0.74, 0.65, 0.35, 680.43, 719.87, 301.45, 9.10, 6.51, -21.13
2022-02-17 13:51:11.073, 54.87, 54.14, 113.71, 0.06, 0.33, -0.34, 108.17, 111.29, 111.16, 0.74, 0.65, 0.35, 680.43, 719.87, 301.45, 9.10, 6.51, -21.13
2022-02-17 13:51:14.028, 54.87, 54.14, 113.71, 0.06, 0.33, -0.34, 108.17, 111.29, 111.16, 0.74, 0.65, 0.35, 680.43, 719.87, 301.45, 9.10, 6.51, -21.13
2022-02-17 13:51:14.074, 54.87, 54.14, 113.71, 0.06, 0.33, -0.34, 108.17, 111.29, 111.16, 0.74, 0.65, 0.35, 680.43, 719.87, 301.45, 9.10, 6.51, -21.13
2022-02-17 13:51:16.985, 54.87, 54.14, 113.71, 0.06, 0.33, -0.34, 108.17, 111.29, 111.16, 0.74, 0.65, 0.35, 680.43, 719.87, 301.45, 9.10, 6.51, -21.13
2022-02-17 13:51:17.061, 54.87, 54.14, 113.71, 0.06, 0.33, -0.34, 108.17, 111.29, 111.16, 0.74, 0.65, 0.35, 680.43, 719.87, 301.45, 9.10, 6.51, -21.13
2022-02-17 13:51:19.998, 54.87, 54.14, 113.71, 0.06, 0.33, -0.34, 108.17, 111.29, 111.16, 0.74, 0.65, 0.35, 680.43, 719.87, 301.45, 9.10, 6.51, -21.13
2022-02-17 13:51:20.064, 54.87, 54.14, 113.71, 0.06, 0.33, -0.34, 108.17, 111.29, 111.16, 0.74, 0.65, 0.35, 680.43, 719.87, 301.45, 9.10, 6.51, -21.13
2022-02-17 13:51:23.035, 54.87, 54.14, 113.71, 0.06, 0.33, -0.34, 108.17, 111.29, 111.16, 0.74, 0.65, 0.35, 680.43, 719.87, 301.45, 9.10, 6.51, -21.13
2022-02-17 13:51:23.099, 54.87, 54.14, 113.71, 0.06, 0.33, -0.34, 108.17, 111.29, 111.16, 0.74, 0.65, 0.35, 680.43, 719.87, 301.45, 9.10, 6.51, -21.13
2022-02-17 13:51:26.000, 54.87, 54.14, 113.71, 0.06, 0.33, -0.34, 108.17, 111.29, 111.16, 0.74, 0.65, 0.35, 680.43, 719.87, 301.45, 9.10, 6.51, -21.13
2022-02-17 13:51:26.091, 54.87, 54.14, 113.71, 0.06, 0.33, -0.34, 108.17, 111.29, 111.16, 0.74, 0.65, 0.35, 680.43, 719.87, 301.45, 9.10, 6.51, -21.13
2022-02-17 13:51:28.992, 54.87, 54.14, 113.71, 0.06, 0.33, -0.34, 108.17, 111.29, 111.16, 0.74, 0.65, 0.35, 680.43, 719.87, 301.45, 9.10, 6.51, -21.13
2022-02-17 13:51:33.851, 54.87, 54.14, 113.71, 0.06, 0.33, -0.34, 108.17, 111.29, 111.16, 0.74, 0.65, 0.35, 680.43, 719.87, 301.45, 9.10, 6.51, -21.13
2022-02-17 13:51:33.995, 54.87, 54.14, 113.71, 0.06, 0.33, -0.34, 108.17, 111.29, 111.16, 0.74, 0.65, 0.35, 680.43, 719.87, 301.45, 9.10, 6.51, -21.13
2022-02-17 13:51:36.946, 54.87, 54.14, 113.71, 0.06, 0.33, -0.34, 108.17, 111.29, 111.16, 0.74, 0.65, 0.35, 680.43, 719.87, 301.45, 9.10, 6.51, -21.13
2022-02-17 13:51:37.013, 54.87, 54.14, 113.71, 0.06, 0.33, -0.34, 108.17, 111.29, 111.16, 0.74, 0.65, 0.35, 680.43, 719.87, 301.45, 9.10, 6.51, -21.13
2022-02-17 13:51:39.941, 54.87, 54.14, 113.71, 0.06, 0.33, -0.34, 108.17, 111.29, 111.16, 0.74, 0.65, 0.35, 680.43, 719.87, 301.45, 9.10, 6.51, -21.13
2022-02-17 13:51:39.992, 54.87, 54.14, 113.71, 0.06, 0.33, -0.34, 108.17, 111.29, 111.16, 0.74, 0.65, 0.35, 680.43, 719.87, 301.45, 9.10, 6.51, -21.13
2022-02-17 13:51:42.936, 54.87, 54.14, 113.71, 0.06, 0.33, -0.34, 108.17, 111.29, 111.16, 0.74, 0.65, 0.35, 680.43, 719.87, 301.45, 9.10, 6.51, -21.13
2022-02-17 13:51:43.004, 54.87, 54.14, 113.71, 0.06, 0.33, -0.34, 108.17, 111.29, 111.16, 0.74, 0.65, 0.35, 680.43, 719.87, 301.45, 9.10, 6.51, -21.13
2022-02-17 13:51:45.937, 54.87, 54.14, 113.71, 0.06, 0.33, -0.34, 108.17, 111.29, 111.16, 0.74, 0.65, 0.35, 680.43, 719.87, 301.45, 9.10, 6.51, -21.13
2022-02-17 13:51:46.022, 54.87, 54.14, 113.71, 0.06, 0.33, -0.34, 108.17, 111.29, 111.16, 0.74, 0.65, 0.35, 680.43, 719.87, 301.45, 9.10, 6.51, -21.13
2022-02-17 13:51:48.955, 54.87, 54.14, 113.71, 0.06, 0.33, -0.34, 108.17, 111.29, 111.16, 0.74, 0.65, 0.35, 680.43, 719.87, 301.45, 9.10, 6.51, -21.13
2022-02-17 13:51:49.016, 54.87, 54.14, 113.71, 0.06, 0.33, -0.34, 108.17, 111.29, 111.16, 0.74, 0.65, 0.35, 680.43, 719.87, 301.45, 9.10, 6.51, -21.13
2022-02-17 13:51:51.962, 54.87, 54.14, 113.71, 0.06, 0.33, -0.34, 108.17, 111.29, 111.16, 0.74, 0.65, 0.35, 680.43, 719.87, 301.45, 9.10, 6.51, -21.13
2022-02-17 13:51:52.033, 54.87, 54.14, 113.71, 0.06, 0.33, -0.34, 108.17, 111.29, 111.16, 0.74, 0.65, 0.35, 680.43, 719.87, 301.45, 9.10, 6.51, -21.13
2022-02-17 13:51:54.934, 54.87, 54.14, 113.71, 0.06, 0.33, -0.34, 108.17, 111.29, 111.16, 0.74, 0.65, 0.35, 680.43, 719.87, 301.45, 9.10, 6.51, -21.13
2022-02-17 13:51:55.002, 54.87, 54.14, 113.71, 0.06, 0.33, -0.34, 108.17, 111.29, 111.16, 0.74, 0.65, 0.35, 680.43, 719.87, 301.45, 9.10, 6.51, -21.13
2022-02-17 13:51:57.973, 54.87, 54.14, 113.71, 0.06, 0.33, -0.34, 108.17, 111.29, 111.16, 0.74, 0.65, 0.35, 680.43, 719.87, 301.45, 9.10, 6.51, -21.13
2022-02-17 13:51:58.058, 54.87, 54.14, 113.71, 0.06, 0.33, -0.34, 108.17, 111.29, 111.16, 0.74, 0.65, 0.35, 680.43, 719.87, 301.45, 9.10, 6.51, -21.13
2022-02-17 13:52:00.935, 54.87, 54.14, 113.71, 0.06, 0.33, -0.34, 108.17, 111.29, 111.16, 0.74, 0.65, 0.35, 680.43, 719.87, 301.45, 9.10, 6.51, -21.13
2022-02-17 13:52:01.017, 54.87, 54.14, 113.71, 0.06, 0.33, -0.34, 108.17, 111.29, 111.16, 0.74, 0.65, 0.35, 680.43, 719.87, 301.45, 9.10, 6.51, -21.13
2022-02-17 13:52:03.949, 54.87, 54.14, 113.71, 0.06, 0.33, -0.34, 108.17, 111.29, 111.16, 0.74, 0.65, 0.35, 680.43, 719.87, 301.45, 9.10, 6.51, -21.13
2022-02-17 13:52:15.555, 54.87, 54.14, 113.71, 0.06, 0.33, -0.34, 108.17, 111.29, 111.16, 0.74, 0.65, 0.35, 680.43, 719.87, 301.45, 9.10, 6.51, -21.13
2022-02-17 13:52:15.710, 54.87, 54.14, 113.71, 0.06, 0.33, -0.34, 108.17, 111.29, 111.16, 0.74, 0.65, 0.35, 680.43, 719.87, 301.45, 9.10, 6.51, -21.13
2022-02-17 13:52:18.651, 54.87, 54.14, 113.71, 0.06, 0.33, -0.34, 108.17, 111.29, 111.16, 0.74, 0.65, 0.35, 680.43, 719.87, 301.45, 9.10, 6.51, -21.13
2022-02-17 13:52:18.847, 54.87, 54.14, 113.71, 0.06, 0.33, -0.34, 108.17, 111.29, 111.16, 0.74, 0.65, 0.35, 680.43, 719.87, 301.45, 9.10, 6.51, -21.13
2022-02-17 13:52:21.662, 54.87, 54.14, 113.71, 0.06, 0.33, -0.34, 108.17, 111.29, 111.16, 0.74, 0.65, 0.35, 680.43, 719.87, 301.45, 9.10, 6.51, -21.13
2022-02-17 13:52:21.726, 54.87, 54.14, 113.71, 0.06, 0.33, -0.34, 108.17, 111.29, 111.16, 0.74, 0.65, 0.35, 680.43, 719.87, 301.45, 9.10, 6.51, -21.13
2022-02-17 13:52:24.650, 54.87, 54.14, 113.71, 0.06, 0.33, -0.34, 108.17, 111.29, 111.16, 0.74, 0.65, 0.35, 680.43, 719.87, 301.45, 9.10, 6.51, -21.13
2022-02-17 13:52:24.839, 54.87, 54.14, 113.71, 0.06, 0.33, -0.34, 108.17, 111.29, 111.16, 0.74, 0.65, 0.35, 680.43, 719.87, 301.45, 9.10, 6.51, -21.13
2022-02-17 13:52:27.649, 54.87, 54.14, 113.71, 0.06, 0.33, -0.34, 108.17, 111.29, 111.16, 0.74, 0.65, 0.35, 680.43, 719.87, 301.45, 9.10, 6.51, -21.13
2022-02-17 13:52:27.713, 54.87, 54.14, 113.71, 0.06, 0.33, -0.34, 108.17, 111.29, 111.16, 0.74, 0.65, 0.35, 680.43, 719.87, 301.45, 9.10, 6.51, -21.13
2022-02-17 13:52:30.662, 54.87, 54.14, 113.71, 0.06, 0.33, -0.34, 108.17, 111.29, 111.16, 0.74, 0.65, 0.35, 680.43, 719.87, 301.45, 9.10, 6.51, -21.13
2022-02-17 13:52:30.723, 54.87, 54.14, 113.71, 0.06, 0.33, -0.34, 108.17, 111.29, 111.16, 0.74, 0.65, 0.35, 680.43, 719.87, 301.45, 9.10, 6.51, -21.13
2022-02-17 13:52:33.666, 54.87, 54.14, 113.71, 0.06, 0.33, -0.34, 108.17, 111.29, 111.16, 0.74, 0.65, 0.35, 680.43, 719.87, 301.45, 9.10, 6.51, -21.13
2022-02-17 13:52:33.711, 54.87, 54.14, 113.71, 0.06, 0.33, -0.34, 108.17, 111.29, 111.16, 0.74, 0.65, 0.35, 680.43, 719.87, 301.45, 9.10, 6.51, -21.13
2022-02-17 13:52:36.650, 54.87, 54.14, 113.71, 0.06, 0.33, -0.34, 108.17, 111.29, 111.16, 0.74, 0.65, 0.35, 680.43, 719.87, 301.45, 9.10, 6.51, -21.13
2022-02-17 13:52:36.727, 54.87, 54.14, 113.71, 0.06, 0.33, -0.34, 108.17, 111.29, 111.16, 0.74, 0.65, 0.35, 680.43, 719.87, 301.45, 9.10, 6.51, -21.13
2022-02-17 13:52:39.653, 54.87, 54.14, 113.71, 0.06, 0.33, -0.34, 108.17, 111.29, 111.16, 0.74, 0.65, 0.35, 680.43, 719.87, 301.45, 9.10, 6.51, -21.13
2022-02-17 13:52:39.726, 54.87, 54.14, 113.71, 0.06, 0.33, -0.34, 108.17, 111.29, 111.16, 0.74, 0.65, 0.35, 680.43, 719.87, 301.45, 9.10, 6.51, -21.13
2022-02-17 13:52:42.659, 54.87, 54.14, 113.71, 0.06, 0.33, -0.34, 108.17, 111.29, 111.16, 0.74, 0.65, 0.35, 680.43, 719.87, 301.45, 9.10, 6.51, -21.13
2022-02-17 13:52:42.749, 54.87, 54.14, 113.71, 0.06, 0.33, -0.34, 108.17, 111.29, 111.16, 0.74, 0.65, 0.35, 680.43, 719.87, 301.45, 9.10, 6.51, -21.13
2022-02-17 13:52:45.664, 54.87, 54.14, 113.71, 0.06, 0.33, -0.34, 108.17, 111.29, 111.16, 0.74, 0.65, 0.35, 680.43, 719.87, 301.45, 9.10, 6.51, -21.13
2022-02-17 13:52:54.516, 54.87, 54.14, 113.71, 0.06, 0.33, -0.34, 108.17, 111.29, 111.16, 0.74, 0.65, 0.35, 680.43, 719.87, 301.45, 9.10, 6.51, -21.13
2022-02-17 13:52:54.665, 54.87, 54.14, 113.71, 0.06, 0.33, -0.34, 108.17, 111.29, 111.16, 0.74, 0.65, 0.35, 680.43, 719.87, 301.45, 9.10, 6.51, -21.13
2022-02-17 13:52:57.619, 54.87, 54.14, 113.71, 0.06, 0.33, -0.34, 108.17, 111.29, 111.16, 0.74, 0.65, 0.35, 680.43, 719.87, 301.45, 9.10, 6.51, -21.13
2022-02-17 13:52:57.699, 54.87, 54.14, 113.71, 0.06, 0.33, -0.34, 108.17, 111.29, 111.16, 0.74, 0.65, 0.35, 680.43, 719.87, 301.45, 9.10, 6.51, -21.13
2022-02-17 13:53:00.613, 54.87, 54.14, 113.71, 0.06, 0.33, -0.34, 108.17, 111.29, 111.16, 0.74, 0.65, 0.35, 680.43, 719.87, 301.45, 9.10, 6.51, -21.13
2022-02-17 13:53:00.676, 54.87, 54.14, 113.71, 0.06, 0.33, -0.34, 108.17, 111.29, 111.16, 0.74, 0.65, 0.35, 680.43, 719.87, 301.45, 9.10, 6.51, -21.13
2022-02-17 13:53:03.614, 54.87, 54.14, 113.71, 0.06, 0.33, -0.34, 108.17, 111.29, 111.16, 0.74, 0.65, 0.35, 680.43, 719.87, 301.45, 9.10, 6.51, -21.13
2022-02-17 13:53:03.684, 54.87, 54.14, 113.71, 0.06, 0.33, -0.34, 108.17, 111.29, 111.16, 0.74, 0.65, 0.35, 680.43, 719.87, 301.45, 9.10, 6.51, -21.13
2022-02-17 13:53:06.604, 54.87, 54.14, 113.71, 0.06, 0.33, -0.34, 108.17, 111.29, 111.16, 0.74, 0.65, 0.35, 680.43, 719.87, 301.45, 9.10, 6.51, -21.13
2022-02-17 13:53:06.705, 54.87, 54.14, 113.71, 0.06, 0.33, -0.34, 108.17, 111.29, 111.16, 0.74, 0.65, 0.35, 680.43, 719.87, 301.45, 9.10, 6.51, -21.13
2022-02-17 13:53:09.597, 54.87, 54.14, 113.71, 0.06, 0.33, -0.34, 108.17, 111.29, 111.16, 0.74, 0.65, 0.35, 680.43, 719.87, 301.45, 9.10, 6.51, -21.13
2022-02-17 13:53:09.795, 54.87, 54.14, 113.71, 0.06, 0.33, -0.34, 108.17, 111.29, 111.16, 0.74, 0.65, 0.35, 680.43, 719.87, 301.45, 9.10, 6.51, -21.13
2022-02-17 13:53:12.602, 54.87, 54.14, 113.71, 0.06, 0.33, -0.34, 108.17, 111.29, 111.16, 0.74, 0.65, 0.35, 680.43, 719.87, 301.45, 9.10, 6.51, -21.13
2022-02-17 13:53:12.700, 54.87, 54.14, 113.71, 0.06, 0.33, -0.34, 108.17, 111.29, 111.16, 0.74, 0.65, 0.35, 680.43, 719.87, 301.45, 9.10, 6.51, -21.13
2022-02-17 13:53:15.603, 54.87, 54.14, 113.71, 0.06, 0.33, -0.34, 108.17, 111.29, 111.16, 0.74, 0.65, 0.35, 680.43, 719.87, 301.45, 9.10, 6.51, -21.13
2022-02-17 13:53:15.714, 54.87, 54.14, 113.71, 0.06, 0.33, -0.34, 108.17, 111.29, 111.16, 0.74, 0.65, 0.35, 680.43, 719.87, 301.45, 9.10, 6.51, -21.13
2022-02-17 13:53:18.650, 54.87, 54.14, 113.71, 0.06, 0.33, -0.34, 108.17, 111.29, 111.16, 0.74, 0.65, 0.35, 680.43, 719.87, 301.45, 9.10, 6.51, -21.13
2022-02-17 13:53:18.742, 54.87, 54.14, 113.71, 0.06, 0.33, -0.34, 108.17, 111.29, 111.16, 0.74, 0.65, 0.35, 680.43, 719.87, 301.45, 9.10, 6.51, -21.13
2022-02-17 13:53:21.614, 54.87, 54.14, 113.71, 0.06, 0.33, -0.34, 108.17, 111.29, 111.16, 0.74, 0.65, 0.35, 680.43, 719.87, 301.45, 9.10, 6.51, -21.13
2022-02-17 13:53:21.680, 54.87, 54.14, 113.71, 0.06, 0.33, -0.34, 108.17, 111.29, 111.16, 0.74, 0.65, 0.35, 680.43, 719.87, 301.45, 9.10, 6.51, -21.13
2022-02-17 13:53:24.605, 54.87, 54.14, 113.71, 0.06, 0.33, -0.34, 108.17, 111.29, 111.16, 0.74, 0.65, 0.35, 680.43, 719.87, 301.45, 9.10, 6.51, -21.13
2022-02-17 13:53:28.234, 54.87, 54.14, 113.71, 0.06, 0.33, -0.34, 108.17, 111.29, 111.16, 0.74, 0.65, 0.35, 680.43, 719.87, 301.45, 9.10, 6.51, -21.13
2022-02-17 13:53:28.474, 54.87, 54.14, 113.71, 0.06, 0.33, -0.34, 108.17, 111.29, 111.16, 0.74, 0.65, 0.35, 680.43, 719.87, 301.45, 9.10, 6.51, -21.13
2022-02-17 13:53:31.324, 54.87, 54.14, 113.71, 0.06, 0.33, -0.34, 108.17, 111.29, 111.16, 0.74, 0.65, 0.35, 680.43, 719.87, 301.45, 9.10, 6.51, -21.13
2022-02-17 13:53:31.438, 54.87, 54.14, 113.71, 0.06, 0.33, -0.34, 108.17, 111.29, 111.16, 0.74, 0.65, 0.35, 680.43, 719.87, 301.45, 9.10, 6.51, -21.13
2022-02-17 13:53:34.319, 54.87, 54.14, 113.71, 0.06, 0.33, -0.34, 108.17, 111.29, 111.16, 0.74, 0.65, 0.35, 680.43, 719.87, 301.45, 9.10, 6.51, -21.13
2022-02-17 13:53:34.478, 54.87, 54.14, 113.71, 0.06, 0.33, -0.34, 108.17, 111.29, 111.16, 0.74, 0.65, 0.35, 680.43, 719.87, 301.45, 9.10, 6.51, -21.13
2022-02-17 13:53:37.320, 54.87, 54.14, 113.71, 0.06, 0.33, -0.34, 108.17, 111.29, 111.16, 0.74, 0.65, 0.35, 680.43, 719.87, 301.45, 9.10, 6.51, -21.13
2022-02-17 13:53:37.389, 54.87, 54.14, 113.71, 0.06, 0.33, -0.34, 108.17, 111.29, 111.16, 0.74, 0.65, 0.35, 680.43, 719.87, 301.45, 9.10, 6.51, -21.13
2022-02-17 13:53:40.336, 54.87, 54.14, 113.71, 0.06, 0.33, -0.34, 108.17, 111.29, 111.16, 0.74, 0.65, 0.35, 680.43, 719.87, 301.45, 9.10, 6.51, -21.13
2022-02-17 13:53:40.442, 54.87, 54.14, 113.71, 0.06, 0.33, -0.34, 108.17, 111.29, 111.16, 0.74, 0.65, 0.35, 680.43, 719.87, 301.45, 9.10, 6.51, -21.13
2022-02-17 13:53:43.320, 54.87, 54.14, 113.71, 0.06, 0.33, -0.34, 108.17, 111.29, 111.16, 0.74, 0.65, 0.35, 680.43, 719.87, 301.45, 9.10, 6.51, -21.13
2022-02-17 13:53:43.414, 54.87, 54.14, 113.71, 0.06, 0.33, -0.34, 108.17, 111.29, 111.16, 0.74, 0.65, 0.35, 680.43, 719.87, 301.45, 9.10, 6.51, -21.13
2022-02-17 13:53:46.332, 54.87, 54.14, 113.71, 0.06, 0.33, -0.34, 108.17, 111.29, 111.16, 0.74, 0.65, 0.35, 680.43, 719.87, 301.45, 9.10, 6.51, -21.13
2022-02-17 13:53:46.404, 54.87, 54.14, 113.71, 0.06, 0.33, -0.34, 108.17, 111.29, 111.16, 0.74, 0.65, 0.35, 680.43, 719.87, 301.45, 9.10, 6.51, -21.13
2022-02-17 13:53:49.331, 54.87, 54.14, 113.71, 0.06, 0.33, -0.34, 108.17, 111.29, 111.16, 0.74, 0.65, 0.35, 680.43, 719.87, 301.45, 9.10, 6.51, -21.13
2022-02-17 13:53:49.407, 54.87, 54.14, 113.71, 0.06, 0.33, -0.34, 108.17, 111.29, 111.16, 0.74, 0.65, 0.35, 680.43, 719.87, 301.45, 9.10, 6.51, -21.13
2022-02-17 13:53:52.335, 54.87, 54.14, 113.71, 0.06, 0.33, -0.34, 108.17, 111.29, 111.16, 0.74, 0.65, 0.35, 680.43, 719.87, 301.45, 9.10, 6.51, -21.13
2022-02-17 13:53:52.413, 54.87, 54.14, 113.71, 0.06, 0.33, -0.34, 108.17, 111.29, 111.16, 0.74, 0.65, 0.35, 680.43, 719.87, 301.45, 9.10, 6.51, -21.13
2022-02-17 13:53:55.321, 54.87, 54.14, 113.71, 0.06, 0.33, -0.34, 108.17, 111.29, 111.16, 0.74, 0.65, 0.35, 680.43, 719.87, 301.45, 9.10, 6.51, -21.13
2022-02-17 13:53:55.400, 54.87, 54.14, 113.71, 0.06, 0.33, -0.34, 108.17, 111.29, 111.16, 0.74, 0.65, 0.35, 680.43, 719.87, 301.45, 9.10, 6.51, -21.13
2022-02-17 13:53:58.333, 54.87, 54.14, 113.71, 0.06, 0.33, -0.34, 108.17, 111.29, 111.16, 0.74, 0.65, 0.35, 680.43, 719.87, 301.45, 9.10, 6.51, -21.13
2022-02-17 13:54:08.953, 54.87, 54.14, 113.71, 0.06, 0.33, -0.34, 108.17, 111.29, 111.16, 0.74, 0.65, 0.35, 680.43, 719.87, 301.45, 9.10, 6.51, -21.13
2022-02-17 13:54:09.110, 54.87, 54.14, 113.71, 0.06, 0.33, -0.34, 108.17, 111.29, 111.16, 0.74, 0.65, 0.35, 680.43, 719.87, 301.45, 9.10, 6.51, -21.13
2022-02-17 13:54:12.066, 54.87, 54.14, 113.71, 0.06, 0.33, -0.34, 108.17, 111.29, 111.16, 0.74, 0.65, 0.35, 680.43, 719.87, 301.45, 9.10, 6.51, -21.13
2022-02-17 13:54:12.110, 54.87, 54.14, 113.71, 0.06, 0.33, -0.34, 108.17, 111.29, 111.16, 0.74, 0.65, 0.35, 680.43, 719.87, 301.45, 9.10, 6.51, -21.13
2022-02-17 13:54:15.070, 54.87, 54.14, 113.71, 0.06, 0.33, -0.34, 108.17, 111.29, 111.16, 0.74, 0.65, 0.35, 680.43, 719.87, 301.45, 9.10, 6.51, -21.13
2022-02-17 13:54:15.141, 54.87, 54.14, 113.71, 0.06, 0.33, -0.34, 108.17, 111.29, 111.16, 0.74, 0.65, 0.35, 680.43, 719.87, 301.45, 9.10, 6.51, -21.13
2022-02-17 13:54:18.060, 54.87, 54.14, 113.71, 0.06, 0.33, -0.34, 108.17, 111.29, 111.16, 0.74, 0.65, 0.35, 680.43, 719.87, 301.45, 9.10, 6.51, -21.13
2022-02-17 13:54:18.119, 54.87, 54.14, 113.71, 0.06, 0.33, -0.34, 108.17, 111.29, 111.16, 0.74, 0.65, 0.35, 680.43, 719.87, 301.45, 9.10, 6.51, -21.13
2022-02-17 13:54:21.063, 54.87, 54.14, 113.71, 0.06, 0.33, -0.34, 108.17, 111.29, 111.16, 0.74, 0.65, 0.35, 680.43, 719.87, 301.45, 9.10, 6.51, -21.13
2022-02-17 13:54:21.126, 54.87, 54.14, 113.71, 0.06, 0.33, -0.34, 108.17, 111.29, 111.16, 0.74, 0.65, 0.35, 680.43, 719.87, 301.45, 9.10, 6.51, -21.13
2022-02-17 13:54:24.055, 54.87, 54.14, 113.71, 0.06, 0.33, -0.34, 108.17, 111.29, 111.16, 0.74, 0.65, 0.35, 680.43, 719.87, 301.45, 9.10, 6.51, -21.13
2022-02-17 13:54:24.106, 54.87, 54.14, 113.71, 0.06, 0.33, -0.34, 108.17, 111.29, 111.16, 0.74, 0.65, 0.35, 680.43, 719.87, 301.45, 9.10, 6.51, -21.13
2022-02-17 13:54:27.049, 54.87, 54.14, 113.71, 0.06, 0.33, -0.34, 108.17, 111.29, 111.16, 0.74, 0.65, 0.35, 680.43, 719.87, 301.45, 9.10, 6.51, -21.13
2022-02-17 13:54:27.128, 54.87, 54.14, 113.71, 0.06, 0.33, -0.34, 108.17, 111.29, 111.16, 0.74, 0.65, 0.35, 680.43, 719.87, 301.45, 9.10, 6.51, -21.13
2022-02-17 13:54:30.056, 54.87, 54.14, 113.71, 0.06, 0.33, -0.34, 108.17, 111.29, 111.16, 0.74, 0.65, 0.35, 680.43, 719.87, 301.45, 9.10, 6.51, -21.13
2022-02-17 13:54:30.193, 54.87, 54.14, 113.71, 0.06, 0.33, -0.34, 108.17, 111.29, 111.16, 0.74, 0.65, 0.35, 680.43, 719.87, 301.45, 9.10, 6.51, -21.13
2022-02-17 13:54:33.071, 54.87, 54.14, 113.71, 0.06, 0.33, -0.34, 108.17, 111.29, 111.16, 0.74, 0.65, 0.35, 680.43, 719.87, 301.45, 9.10, 6.51, -21.13
2022-02-17 13:54:33.144, 54.87, 54.14, 113.71, 0.06, 0.33, -0.34, 108.17, 111.29, 111.16, 0.74, 0.65, 0.35, 680.43, 719.87, 301.45, 9.10, 6.51, -21.13
2022-02-17 13:54:36.053, 54.87, 54.14, 113.71, 0.06, 0.33, -0.34, 108.17, 111.29, 111.16, 0.74, 0.65, 0.35, 680.43, 719.87, 301.45, 9.10, 6.51, -21.13
2022-02-17 13:54:36.107, 54.87, 54.14, 113.71, 0.06, 0.33, -0.34, 108.17, 111.29, 111.16, 0.74, 0.65, 0.35, 680.43, 719.87, 301.45, 9.10, 6.51, -21.13
2022-02-17 13:54:39.065, 54.87, 54.14, 113.71, 0.06, 0.33, -0.34, 108.17, 111.29, 111.16, 0.74, 0.65, 0.35, 680.43, 719.87, 301.45, 9.10, 6.51, -21.13
2022-02-17 13:54:45.595, 54.87, 54.14, 113.71, 0.06, 0.33, -0.34, 108.17, 111.29, 111.16, 0.74, 0.65, 0.35, 680.43, 719.87, 301.45, 9.10, 6.51, -21.13
2022-02-17 13:54:45.704, 54.87, 54.14, 113.71, 0.06, 0.33, -0.34, 108.17, 111.29, 111.16, 0.74, 0.65, 0.35, 680.43, 719.87, 301.45, 9.10, 6.51, -21.13
2022-02-17 13:54:48.724, 54.87, 54.14, 113.71, 0.06, 0.33, -0.34, 108.17, 111.29, 111.16, 0.74, 0.65, 0.35, 680.43, 719.87, 301.45, 9.10, 6.51, -21.13
2022-02-17 13:54:48.791, 54.87, 54.14, 113.71, 0.06, 0.33, -0.34, 108.17, 111.29, 111.16, 0.74, 0.65, 0.35, 680.43, 719.87, 301.45, 9.10, 6.51, -21.13
2022-02-17 13:54:51.708, 54.87, 54.14, 113.71, 0.06, 0.33, -0.34, 108.17, 111.29, 111.16, 0.74, 0.65, 0.35, 680.43, 719.87, 301.45, 9.10, 6.51, -21.13
2022-02-17 13:54:51.773, 54.87, 54.14, 113.71, 0.06, 0.33, -0.34, 108.17, 111.29, 111.16, 0.74, 0.65, 0.35, 680.43, 719.87, 301.45, 9.10, 6.51, -21.13
2022-02-17 13:54:54.719, 54.87, 54.14, 113.71, 0.06, 0.33, -0.34, 108.17, 111.29, 111.16, 0.74, 0.65, 0.35, 680.43, 719.87, 301.45, 9.10, 6.51, -21.13
2022-02-17 13:54:54.794, 54.87, 54.14, 113.71, 0.06, 0.33, -0.34, 108.17, 111.29, 111.16, 0.74, 0.65, 0.35, 680.43, 719.87, 301.45, 9.10, 6.51, -21.13
2022-02-17 13:54:57.707, 54.87, 54.14, 113.71, 0.06, 0.33, -0.34, 108.17, 111.29, 111.16, 0.74, 0.65, 0.35, 680.43, 719.87, 301.45, 9.10, 6.51, -21.13
2022-02-17 13:54:57.796, 54.87, 54.14, 113.71, 0.06, 0.33, -0.34, 108.17, 111.29, 111.16, 0.74, 0.65, 0.35, 680.43, 719.87, 301.45, 9.10, 6.51, -21.13
2022-02-17 13:55:00.713, 54.87, 54.14, 113.71, 0.06, 0.33, -0.34, 108.17, 111.29, 111.16, 0.74, 0.65, 0.35, 680.43, 719.87, 301.45, 9.10, 6.51, -21.13
2022-02-17 13:55:00.777, 54.87, 54.14, 113.71, 0.06, 0.33, -0.34, 108.17, 111.29, 111.16, 0.74, 0.65, 0.35, 680.43, 719.87, 301.45, 9.10, 6.51, -21.13
2022-02-17 13:55:03.707, 54.87, 54.14, 113.71, 0.06, 0.33, -0.34, 108.17, 111.29, 111.16, 0.74, 0.65, 0.35, 680.43, 719.87, 301.45, 9.10, 6.51, -21.13
2022-02-17 13:55:03.771, 54.87, 54.14, 113.71, 0.06, 0.33, -0.34, 108.17, 111.29, 111.16, 0.74, 0.65, 0.35, 680.43, 719.87, 301.45, 9.10, 6.51, -21.13
2022-02-17 13:55:06.710, 54.87, 54.14, 113.71, 0.06, 0.33, -0.34, 108.17, 111.29, 111.16, 0.74, 0.65, 0.35, 680.43, 719.87, 301.45, 9.10, 6.51, -21.13
2022-02-17 13:55:06.777, 54.87, 54.14, 113.71, 0.06, 0.33, -0.34, 108.17, 111.29, 111.16, 0.74, 0.65, 0.35, 680.43, 719.87, 301.45, 9.10, 6.51, -21.13
2022-02-17 13:55:09.723, 54.87, 54.14, 113.71, 0.06, 0.33, -0.34, 108.17, 111.29, 111.16, 0.74, 0.65, 0.35, 680.43, 719.87, 301.45, 9.10, 6.51, -21.13
2022-02-17 13:55:09.796, 54.87, 54.14, 113.71, 0.06, 0.33, -0.34, 108.17, 111.29, 111.16, 0.74, 0.65, 0.35, 680.43, 719.87, 301.45, 9.10, 6.51, -21.13
2022-02-17 13:55:12.718, 54.87, 54.14, 113.71, 0.06, 0.33, -0.34, 108.17, 111.29, 111.16, 0.74, 0.65, 0.35, 680.43, 719.87, 301.45, 9.10, 6.51, -21.13
2022-02-17 13:55:12.780, 54.87, 54.14, 113.71, 0.06, 0.33, -0.34, 108.17, 111.29, 111.16, 0.74, 0.65, 0.35, 680.43, 719.87, 301.45, 9.10, 6.51, -21.13
2022-02-17 13:55:15.708, 54.87, 54.14, 113.71, 0.06, 0.33, -0.34, 108.17, 111.29, 111.16, 0.74, 0.65, 0.35, 680.43, 719.87, 301.45, 9.10, 6.51, -21.13
2022-02-17 13:55:21.944, 54.87, 54.14, 113.71, 0.06, 0.33, -0.34, 108.17, 111.29, 111.16, 0.74, 0.65, 0.35, 680.43, 719.87, 301.45, 9.10, 6.51, -21.13
2022-02-17 13:55:22.089, 54.87, 54.14, 113.71, 0.06, 0.33, -0.34, 108.17, 111.29, 111.16, 0.74, 0.65, 0.35, 680.43, 719.87, 301.45, 9.10, 6.51, -21.13
2022-02-17 13:55:25.034, 54.87, 54.14, 113.71, 0.06, 0.33, -0.34, 108.17, 111.29, 111.16, 0.74, 0.65, 0.35, 680.43, 719.87, 301.45, 9.10, 6.51, -21.13
2022-02-17 13:55:25.125, 54.87, 54.14, 113.71, 0.06, 0.33, -0.34, 108.17, 111.29, 111.16, 0.74, 0.65, 0.35, 680.43, 719.87, 301.45, 9.10, 6.51, -21.13
2022-02-17 13:55:28.050, 54.87, 54.14, 113.71, 0.06, 0.33, -0.34, 108.17, 111.29, 111.16, 0.74, 0.65, 0.35, 680.43, 719.87, 301.45, 9.10, 6.51, -21.13
2022-02-17 13:55:28.113, 54.87, 54.14, 113.71, 0.06, 0.33, -0.34, 108.17, 111.29, 111.16, 0.74, 0.65, 0.35, 680.43, 719.87, 301.45, 9.10, 6.51, -21.13
2022-02-17 13:55:31.040, 54.87, 54.14, 113.71, 0.06, 0.33, -0.34, 108.17, 111.29, 111.16, 0.74, 0.65, 0.35, 680.43, 719.87, 301.45, 9.10, 6.51, -21.13
2022-02-17 13:55:31.094, 54.87, 54.14, 113.71, 0.06, 0.33, -0.34, 108.17, 111.29, 111.16, 0.74, 0.65, 0.35, 680.43, 719.87, 301.45, 9.10, 6.51, -21.13
2022-02-17 13:55:34.034, 54.87, 54.14, 113.71, 0.06, 0.33, -0.34, 108.17, 111.29, 111.16, 0.74, 0.65, 0.35, 680.43, 719.87, 301.45, 9.10, 6.51, -21.13
2022-02-17 13:55:34.118, 54.87, 54.14, 113.71, 0.06, 0.33, -0.34, 108.17, 111.29, 111.16, 0.74, 0.65, 0.35, 680.43, 719.87, 301.45, 9.10, 6.51, -21.13
2022-02-17 13:55:37.043, 54.87, 54.14, 113.71, 0.06, 0.33, -0.34, 108.17, 111.29, 111.16, 0.74, 0.65, 0.35, 680.43, 719.87, 301.45, 9.10, 6.51, -21.13
2022-02-17 13:55:37.285, 54.87, 54.14, 113.71, 0.06, 0.33, -0.34, 108.17, 111.29, 111.16, 0.74, 0.65, 0.35, 680.43, 719.87, 301.45, 9.10, 6.51, -21.13
2022-02-17 13:55:40.045, 54.87, 54.14, 113.71, 0.06, 0.33, -0.34, 108.17, 111.29, 111.16, 0.74, 0.65, 0.35, 680.43, 719.87, 301.45, 9.10, 6.51, -21.13
2022-02-17 13:55:40.127, 54.87, 54.14, 113.71, 0.06, 0.33, -0.34, 108.17, 111.29, 111.16, 0.74, 0.65, 0.35, 680.43, 719.87, 301.45, 9.10, 6.51, -21.13
2022-02-17 13:55:43.037, 54.87, 54.14, 113.71, 0.06, 0.33, -0.34, 108.17, 111.29, 111.16, 0.74, 0.65, 0.35, 680.43, 719.87, 301.45, 9.10, 6.51, -21.13
2022-02-17 13:55:43.115, 54.87, 54.14, 113.71, 0.06, 0.33, -0.34, 108.17, 111.29, 111.16, 0.74, 0.65, 0.35, 680.43, 719.87, 301.45, 9.10, 6.51, -21.13
2022-02-17 13:55:46.046, 54.87, 54.14, 113.71, 0.06, 0.33, -0.34, 108.17, 111.29, 111.16, 0.74, 0.65, 0.35, 680.43, 719.87, 301.45, 9.10, 6.51, -21.13
2022-02-17 13:55:46.101, 54.87, 54.14, 113.71, 0.06, 0.33, -0.34, 108.17, 111.29, 111.16, 0.74, 0.65, 0.35, 680.43, 719.87, 301.45, 9.10, 6.51, -21.13
2022-02-17 13:55:49.044, 54.87, 54.14, 113.71, 0.06, 0.33, -0.34, 108.17, 111.29, 111.16, 0.74, 0.65, 0.35, 680.43, 719.87, 301.45, 9.10, 6.51, -21.13
2022-02-17 13:55:49.114, 54.87, 54.14, 113.71, 0.06, 0.33, -0.34, 108.17, 111.29, 111.16, 0.74, 0.65, 0.35, 680.43, 719.87, 301.45, 9.10, 6.51, -21.13
2022-02-17 13:55:52.028, 54.87, 54.14, 113.71, 0.06, 0.33, -0.34, 108.17, 111.29, 111.16, 0.74, 0.65, 0.35, 680.43, 719.87, 301.45, 9.10, 6.51, -21.13
